"CHR","BP","hg19.chr","hg19.pos","REF","ALT","MAF","isPermute","ES.Zscore_0","kappa","tau","W","p","q","SNP","IND","TOP","GENE","RAst","RAen"
6,32658674,6,32626451,"G","A",0.234592445328032,0,-5.68606491086804,0,26.858418589048,26.858418589048,1.29999999999998e-08,0.2,"6:32658674:G:A",1,"6:32658674:G:A","HLA-DQB1",32158674,33158674
