"CHR","BP","hg19.chr","hg19.pos","REF","ALT","MAF","isPermute","ES.Zscore_0","kappa","tau","W","p","q","SNP","IND","TOP","GENE","RAst","RAen"
11,68506158,11,68273626,"C",TRUE,0.269539078156313,0,5.45273843496932,0,11.9500270806082,11.9500270806082,4.95999999999994e-08,1,"11:68506158:C:TRUE",1,"11:68506158:C:TRUE","PPP6R3",68006158,69006158
