"CHR","BP","hg19.chr","hg19.pos","REF","ALT","MAF","isPermute","ES.Zscore_0","kappa","tau","W","p","q","SNP","IND","TOP","GENE","RAst","RAen"
7,18865827,7,18905450,"T","C",0.418489065606362,0,5.54085405696504,0,3.46455311988626,3.46455311988626,3.00999999999995e-08,1,"7:18865827:T:C",1,NA,NA,18365827,19366243
7,18866243,7,18905866,"C","T",0.409542743538767,0,5.56115176958094,0,10.6535521598999,10.6535521598999,2.67999999999995e-08,1,"7:18866243:C:T",1,"7:18866243:C:T","HDAC9",18365827,19366243
