"CHR","BP","hg19.chr","hg19.pos","REF","ALT","MAF","isPermute","ES.Zscore_0","kappa","tau","W","p","q","SNP","IND","TOP","GENE","RAst","RAen"
15,61172248,15,61464447,TRUE,"C",0.123260437375746,0,5.59313947976717,0,19.3380108712758,19.3380108712758,2.22999999999996e-08,0.333333333333333,"15:61172248:TRUE:C",1,"15:61172248:TRUE:C","RORA",60672248,61672248
