"CHR","BP","hg19.chr","hg19.pos","REF","ALT","MAF","isPermute","ES.Zscore_0","kappa","tau","W","p","q","SNP","IND","TOP","GENE","RAst","RAen"
14,94371805,14,94838142,"G","T",0.0168986083499006,0,7.00163083923131,1,4.52881573802202,0,2.53000000000003e-12,1,"14:94371805:G:T",1,NA,NA,93871805,94897299
14,94378610,14,94844947,"C","T",0.0168986083499006,0,7.42830270276879,0,20.8147568598235,20.8147568598235,1.09999999999997e-13,0.3,"14:94378610:C:T",1,"14:94378610:C:T","SERPINA1",93871805,94897299
14,94397299,14,94863636,"C","A",0.0447316103379722,0,5.6360449301022,0,13.0071319380809,13.0071319380809,1.74000000000004e-08,1,"14:94397299:C:A",1,NA,NA,93871805,94897299
