"CHR","BP","hg19.chr","hg19.pos","REF","ALT","MAF","isPermute","ES.Zscore_0","kappa","tau","W","p","q","SNP","IND","TOP","GENE","RAst","RAen"
10,62452051,10,64211810,"C","T",0.424453280318091,0,6.35852041535039,0,6.24958689163061,6.24958689163061,2.03706315110438e-10,1,"10:62452051:C:T",1,NA,NA,61952051,63003643
10,62453310,10,64213069,"G","A",0.430417495029821,0,6.30680725411444,4,9.651251083921,0,2.84850196770517e-10,1,"10:62453310:G:A",1,NA,NA,61952051,63003643
10,62458664,10,64218423,"G","A",0.457256461232604,0,6.39025651771412,0,2.9428864111883,2.9428864111883,1.65607704322923e-10,1,"10:62458664:G:A",1,NA,NA,61952051,63003643
10,62460735,10,64220494,"A","G",0.418489065606362,0,-6.1765779263975,0,4.30005292823726,4.30005292823726,6.55058847732894e-10,1,"10:62460735:A:G",1,NA,NA,61952051,63003643
10,62463624,10,64223383,"T","C",0.302186878727634,0,-5.50118408340385,1,3.7125476665346,0,3.77249077964698e-08,1,"10:62463624:T:C",1,NA,NA,61952051,63003643
10,62472283,10,64232042,"T","C",0.470178926441352,0,-6.36256096212332,0,11.702743771656,11.702743771656,1.98417245144642e-10,1,"10:62472283:T:C",1,"10:62472283:T:C","ZNF365",61952051,63003643
10,62488340,10,64248099,"C","T",0.492047713717694,0,6.64270120117072,0,2.52850490951436,2.52850490951436,3.07985807198694e-11,1,"10:62488340:C:T",1,NA,NA,61952051,63003643
10,62492218,10,64251977,"C","T",0.496023856858847,0,6.7247782735287,0,8.90115565799891,8.90115565799891,1.75860027413028e-11,1,"10:62492218:C:T",1,NA,NA,61952051,63003643
10,62498069,10,64257828,"T","C",0.487077534791252,0,6.33635446323222,0,3.09444573053801,3.09444573053801,2.35265197456868e-10,1,"10:62498069:T:C",1,NA,NA,61952051,63003643
10,62498212,10,64257971,"A","G",0.488071570576541,0,6.3377305909912,0,5.33983784708206,5.33983784708206,2.33174082988795e-10,1,"10:62498212:A:G",1,NA,NA,61952051,63003643
10,62503643,10,64263402,"C","G",0.488071570576541,0,-6.05575167712524,0,5.92911278437234,5.92911278437234,1.39763467391222e-09,1,"10:62503643:C:G",1,NA,NA,61952051,63003643
