"CHR","BP","hg19.chr","hg19.pos","REF","ALT","MAF","isPermute","ES.Zscore_0","kappa","tau","W","p","q","SNP","IND","TOP","GENE","RAst","RAen"
5,32688326,5,32688432,"G","C",0.441351888667992,0,-5.45309717828315,5,4.36243904151049,0,4.94999999999998e-08,1,"5:32688326:G:C",1,"5:32688326:G:C","NPR3",32188326,33188326
