"CHR","BP","hg19.chr","hg19.pos","REF","ALT","MAF","isPermute","ES.Zscore_0","kappa","tau","W","p","q","SNP","IND","TOP","GENE","RAst","RAen"
18,73009445,18,70676680,"A","G",0.0228628230616302,0,5.47001401234362,0,13.3430700399895,13.3430700399895,4.49999999999992e-08,1,"18:73009445:A:G",1,"18:73009445:A:G","LOC100505797",72509445,73509445
