"CHR","BP","hg19.chr","hg19.pos","REF","ALT","MAF","isPermute","ES.Zscore_0","kappa","tau","W","p","q","SNP","IND","TOP","GENE","RAst","RAen"
8,944965,8,894965,"A","C",0.10337972166998,0,5.45672375494792,0,6.54035976915119,6.54035976915119,4.84999999999996e-08,1,"8:944965:A:C",1,"8:944965:A:C","LOC105377777",444965,1444965
