"CHR","BP","hg19.chr","hg19.pos","REF","ALT","MAF","isPermute","ES.Zscore_0","kappa","tau","W","p","q","SNP","IND","TOP","GENE","RAst","RAen"
20,19473382,20,19454026,"G","C",0.277335984095427,0,5.7873629023443,0,25.7068531344876,25.7068531344876,7.15000000000004e-09,0.2,"20:19473382:G:C",1,"20:19473382:G:C","LOC100130264",18973382,19973382
