"CHR","BP","hg19.chr","hg19.pos","REF","ALT","MAF","isPermute","ES.Zscore_0","kappa","tau","W","p","q","SNP","IND","TOP","GENE","RAst","RAen"
18,13688383,18,13688382,"T","C",0.245526838966203,0,5.46343816097,0,11.2518770206829,11.2518770206829,4.67000000000004e-08,1,"18:13688383:T:C",1,"18:13688383:T:C","FAM210A",13188383,14203307
18,13703307,18,13703306,"G","C",0.215705765407555,0,5.99619053470113,0,10.568733043246,10.568733043246,2.02000000000002e-09,1,"18:13703307:G:C",1,NA,NA,13188383,14203307
