"CHR","BP","hg19.chr","hg19.pos","REF","ALT","MAF","isPermute","ES.Zscore_0","kappa","tau","W","p","q","SNP","IND","TOP","GENE","RAst","RAen"
17,67670887,17,65667003,"G","C",0.0298210735586481,0,5.80885908872205,0,6.00002617780519,6.00002617780519,6.28999999999989e-09,1,"17:67670887:G:C",1,"17:67670887:G:C","PITPNC1",67170887,68170887
