"CHR","BP","hg19.chr","hg19.pos","REF","ALT","MAF","isPermute","ES.Zscore_0","kappa","tau","W","p","q","SNP","IND","TOP","GENE","RAst","RAen"
17,74120206,17,72116345,"A","G",0.27037773359841,0,-5.7659481974378,0,18.9403914524977,18.9403914524977,8.11999999999993e-09,0.4,"17:74120206:A:G",1,"17:74120206:A:G","RPL38",73620206,74620206
