"CHR","BP","hg19.chr","hg19.pos","REF","ALT","MAF","isPermute","ES.Zscore_0","kappa","tau","W","p","q","SNP","IND","TOP","GENE","RAst","RAen"
6,20814490,6,20814721,"G","T",0.0278330019880716,0,5.34704863517991,0,19.761585608196,19.761585608196,8.93999999999995e-08,0.1,"6:20814490:G:T",1,"6:20814490:G:T","CDKAL1",20314490,21314490
6,32658698,6,32626475,"G","A",0.261431411530815,0,5.57965219023288,0,27.4415089741802,27.4415089741802,2.41000000000003e-08,0.1,"6:32658698:G:A",2,"6:32658698:G:A","HLA-DQB1",32158698,33158698
