"CHR","BP","hg19.chr","hg19.pos","REF","ALT","MAF","isPermute","ES.Zscore_0","kappa","tau","W","p","q","SNP","IND","TOP","GENE","RAst","RAen"
8,8740878,8,8598388,"A","T",0.446322067594433,0,-5.49577419649676,0,5.30576285987665,5.30576285987665,3.88999999999988e-08,1,"8:8740878:A:T",1,"8:8740878:A:T","CLDN23",8240878,9230061
8,8730061,8,8587571,"T","G",0.47713717693837,0,-5.59548962865789,0,3.57929968390116,3.57929968390116,2.19999999999996e-08,1,"8:8730061:T:G",1,NA,NA,8240878,9230061
