"CHR","BP","hg19.chr","hg19.pos","REF","ALT","MAF","isPermute","ES.Zscore_0","kappa","tau","W","p","q","SNP","IND","TOP","GENE","RAst","RAen"
1,176779897,1,176749033,"G","A",0.0467196819085487,0,5.57569240635334,0,9.97545322608046,9.97545322608046,2.46547233220111e-08,1,"1:176779897:G:A",1,"1:176779897:G:A","PAPPA2",176279897,177288686
1,176783408,1,176752544,"G","A",0.0457256461232604,0,5.55621518900337,0,8.72711145591736,8.72711145591736,2.75686968919107e-08,1,"1:176783408:G:A",1,NA,NA,176279897,177288686
1,176788686,1,176757822,"C","A",0.0457256461232604,0,5.59724162878909,0,7.68591336383403,7.68591336383403,2.17789072483404e-08,1,"1:176788686:C:A",1,NA,NA,176279897,177288686
