"CHR","BP","hg19.chr","hg19.pos","REF","ALT","MAF","isPermute","ES.Zscore_0","kappa","tau","W","p","q","SNP","IND","TOP","GENE","RAst","RAen"
18,68042659,18,65709896,"G","C",0.36182902584493,0,-5.59198966982093,4,4.3396783797291,0,2.2448217909899e-08,1,"18:68042659:G:C",1,"18:68042659:G:C","LOC643542",67542659,68542659
