"CHR","BP","hg19.chr","hg19.pos","REF","ALT","MAF","isPermute","ES.Zscore_0","kappa","tau","W","p","q","SNP","IND","TOP","GENE","RAst","RAen"
9,2133741,9,2133741,TRUE,"A",0.0198807157057654,0,5.51438584081019,0,25.0784318016843,25.0784318016843,3.49999999999996e-08,0.2,"9:2133741:TRUE:A",1,"9:2133741:TRUE:A","SMARCA2",1633741,2633741
