"CHR","BP","hg19.chr","hg19.pos","REF","ALT","MAF","isPermute","ES.Zscore_0","kappa","tau","W","p","q","SNP","IND","TOP","GENE","RAst","RAen"
14,20656694,14,21124853,"G","C",0.058648111332008,0,5.71766152080781,0,13.2852312359105,13.2852312359105,1.08e-08,0.928571428571429,"14:20656694:G:C",1,"14:20656694:G:C","OR6S1",20156694,21164499
14,20664499,14,21132658,"C","T",0.0636182902584493,0,5.46117256252983,4,11.399101676171,0,4.72999999999991e-08,1,"14:20664499:C:T",1,NA,NA,20156694,21164499
