"CHR","BP","hg19.chr","hg19.pos","REF","ALT","MAF","isPermute","ES.Zscore_0","kappa","tau","W","p","q","SNP","IND","TOP","GENE","RAst","RAen"
6,55921063,6,55785861,"T","G",0.430417495029821,0,5.87337928284693,2,3.0786931996099,0,4.26999999999998e-09,1,"6:55921063:T:G",1,NA,NA,55421063,56416960
6,55916960,6,55781758,"A","T",0.483101391650099,0,5.51845141182725,0,9.07237345074386,9.07237345074386,3.42000000000006e-08,1,"6:55916960:A:T",1,"6:55916960:A:T","BMP5",55421063,56416960
