"CHR","BP","hg19.chr","hg19.pos","REF","ALT","MAF","isPermute","ES.Zscore_0","kappa","tau","W","p","q","SNP","IND","TOP","GENE","RAst","RAen"
14,46900264,14,47369467,TRUE,"C",0.257455268389662,0,-5.65373303804183,0,9.44501872467707,9.44501872467707,1.56999999999998e-08,1,"14:46900264:TRUE:C",1,"14:46900264:TRUE:C","MDGA2",46400264,47400264
