"CHR","BP","hg19.chr","hg19.pos","REF","ALT","MAF","isPermute","ES.Zscore_0","kappa","tau","W","p","q","SNP","IND","TOP","GENE","RAst","RAen"
1,190593060,1,190562190,"A","G",0.0874751491053678,0,5.45381677723483,0,9.92860447130249,9.92860447130249,4.92999999999997e-08,1,"1:190593060:A:G",1,"1:190593060:A:G","LINC01720",190093060,191093060
