"CHR","BP","hg19.chr","hg19.pos","REF","ALT","MAF","isPermute","ES.Zscore_0","kappa","tau","W","p","q","SNP","IND","TOP","GENE","RAst","RAen"
15,91720156,15,92263386,TRUE,"G",0.0178926441351889,0,5.66042337519255,0,21.4769858699806,21.4769858699806,1.50999999999995e-08,0.2,"15:91720156:TRUE:G",1,"15:91720156:TRUE:G","SLCO3A1",91220156,92220156
