"CHR","BP","hg19.chr","hg19.pos","REF","ALT","MAF","isPermute","ES.Zscore_0","kappa","tau","W","p","q","SNP","IND","TOP","GENE","RAst","RAen"
18,34301900,18,31881864,"G",TRUE,0.0516898608349901,0,5.56377519657764,0,20.020068639695,20.020068639695,2.64000000000001e-08,0.6,"18:34301900:G:TRUE",1,"18:34301900:G:TRUE","NOL4",33801900,34801900
