"CHR","BP","hg19.chr","hg19.pos","REF","ALT","MAF","isPermute","ES.Zscore_0","kappa","tau","W","p","q","SNP","IND","TOP","GENE","RAst","RAen"
6,32619017,6,32586794,"T","G",0.383697813121272,0,4.99511735560322,0,22.0952803077238,22.0952803077238,5.87999999999998e-07,0.1,"6:32619017:T:G",1,NA,NA,32119017,33158698
6,32658698,6,32626475,"G","A",0.261431411530815,0,5.24533336372464,0,23.9490177685675,23.9490177685675,1.56000000000003e-07,0.1,"6:32658698:G:A",1,"6:32658698:G:A","HLA-DQB1",32119017,33158698
