"CHR","BP","hg19.chr","hg19.pos","REF","ALT","MAF","isPermute","ES.Zscore_0","kappa","tau","W","p","q","SNP","IND","TOP","GENE","RAst","RAen"
2,37484089,2,37711232,"G","A",0.248508946322068,0,-5.45309717828315,3,6.33810146703859,0,4.94999999999998e-08,1,"2:37484089:G:A",1,"2:37484089:G:A","QPCT",36984089,37984089
8,8902628,8,8760138,"C","T",0.276341948310139,0,5.5855214692534,0,7.14983124194518,7.14983124194518,2.33000000000005e-08,1,"8:8902628:C:T",2,"8:8902628:C:T","MFHAS1",8402628,9402628
