"CHR","BP","hg19.chr","hg19.pos","REF","ALT","MAF","isPermute","ES.Zscore_0","kappa","tau","W","p","q","SNP","IND","TOP","GENE","RAst","RAen"
15,69303730,15,69596069,"T","C",0.291252485089463,0,5.52102981833371,0,9.25335447643781,9.25335447643781,3.37018575934408e-08,1,"15:69303730:T:C",1,"15:69303730:T:C","PAQR5",68803730,69804102
15,69304102,15,69596441,"A","G",0.290258449304175,0,5.51447739116009,0,8.69555207942485,8.69555207942485,3.49817870972539e-08,1,"15:69304102:A:G",1,NA,NA,68803730,69804102
