"CHR","BP","hg19.chr","hg19.pos","REF","ALT","MAF","isPermute","ES.Zscore_0","kappa","tau","W","p","q","SNP","IND","TOP","GENE","RAst","RAen"
2,54694351,2,54921488,"C","G",0.0139165009940358,0,5.46805527713116,0,16.3993467314726,16.3993467314726,4.54999999999983e-08,0.45,"2:54694351:C:G",1,"2:54694351:C:G","SPTBN1",54194351,55194351
9,86564072,9,89178987,"G","A",0.121272365805169,0,5.4715962521507,0,9.69452365534813,9.69452365534813,4.45999999999987e-08,1,"9:86564072:G:A",2,"9:86564072:G:A","TUT7",86064072,87064072
