"CHR","BP","hg19.chr","hg19.pos","REF","ALT","MAF","isPermute","ES.Zscore_0","kappa","tau","W","p","q","SNP","IND","TOP","GENE","RAst","RAen"
1,155011887,1,154984363,"G","A",0.254473161033797,0,5.48562932959818,0,7.37324808363979,7.37324808363979,4.11999999999991e-08,1,"1:155011887:G:A",1,"1:155011887:G:A","ZBTB7B",154511887,155511887
