"CHR","BP","hg19.chr","hg19.pos","REF","ALT","MAF","isPermute","ES.Zscore_0","kappa","tau","W","p","q","SNP","IND","TOP","GENE","RAst","RAen"
1,164751981,1,164721218,TRUE,"C",0.0815109343936382,0,5.55920901610122,0,16.0551977044071,16.0551977044071,2.71e-08,0.8,"1:164751981:TRUE:C",1,"1:164751981:TRUE:C","PBX1-AS1",164251981,165251981
