"CHR","BP","hg19.chr","hg19.pos","REF","ALT","MAF","isPermute","ES.Zscore_0","kappa","tau","W","p","q","SNP","IND","TOP","GENE","RAst","RAen"
2,168454228,2,169310738,"G","A",0.195825049701789,0,5.46611729879819,2,2.09557337570534,0,4.59999999999991e-08,1,"2:168454228:G:A",1,"2:168454228:G:A","CERS6",167954228,168954228
