"CHR","BP","hg19.chr","hg19.pos","REF","ALT","MAF","isPermute","ES.Zscore_0","kappa","tau","W","p","q","SNP","IND","TOP","GENE","RAst","RAen"
14,76065568,14,76531911,"C",TRUE,0.0139165009940358,0,5.52103950232806,0,7.81115009960403,7.81115009960403,3.37000000000002e-08,1,"14:76065568:C:TRUE",1,"14:76065568:C:TRUE","IFT43",75565568,76565568
