"CHR","BP","hg19.chr","hg19.pos","REF","ALT","MAF","isPermute","ES.Zscore_0","kappa","tau","W","p","q","SNP","IND","TOP","GENE","RAst","RAen"
4,5177246,4,5178973,"C",TRUE,0.0278330019880716,0,5.53625929856504,0,16.7928333222152,16.7928333222152,3.08999999999999e-08,0.8,"4:5177246:C:TRUE",1,"4:5177246:C:TRUE","STK32B",4677246,5677246
