"CHR","BP","hg19.chr","hg19.pos","REF","ALT","MAF","isPermute","ES.Zscore_0","kappa","tau","W","p","q","SNP","IND","TOP","GENE","RAst","RAen"
5,677233,5,677348,TRUE,"C",0.243538767395626,0,5.51040942165268,0,14.2655397090937,14.2655397090937,3.57999999999996e-08,0.75,"5:677233:TRUE:C",1,"5:677233:TRUE:C","CEP72",177233,1177233
