"CHR","BP","hg19.chr","hg19.pos","REF","ALT","MAF","isPermute","ES.Zscore_0","kappa","tau","W","p","q","SNP","IND","TOP","GENE","RAst","RAen"
1,70630615,1,71096298,TRUE,"C",0.010934393638171,0,5.53344582383764,5,2.41365232013102,0,3.14000000000005e-08,1,"1:70630615:TRUE:C",1,"1:70630615:TRUE:C","LINC01788",70130615,71130615
