"CHR","BP","hg19.chr","hg19.pos","REF","ALT","MAF","isPermute","ES.Zscore_0","kappa","tau","W","p","q","SNP","IND","TOP","GENE","RAst","RAen"
13,42863397,13,43437533,"G","T",0.0675944333996024,0,5.49307274040567,0,8.79346792346422,8.79346792346422,3.95000000000006e-08,1,"13:42863397:G:T",1,NA,NA,42363397,43377516
13,42866828,13,43440964,"C","G",0.0984095427435387,0,-5.5257933628879,0,16.367219379713,16.367219379713,3.28000000000005e-08,1,"13:42866828:C:G",1,"13:42866828:C:G","LINC00428",42363397,43377516
13,42867835,13,43441971,"C","A",0.0984095427435387,0,-5.52632935943054,0,12.1075372580206,12.1075372580206,3.26999999999994e-08,1,"13:42867835:C:A",1,NA,NA,42363397,43377516
13,42877516,13,43451652,"A","G",0.0974155069582505,0,-5.45893465372553,0,14.0672977142636,14.0672977142636,4.78999999999987e-08,1,"13:42877516:A:G",1,NA,NA,42363397,43377516
