"CHR","BP","hg19.chr","hg19.pos","REF","ALT","MAF","isPermute","ES.Zscore_0","kappa","tau","W","p","q","SNP","IND","TOP","GENE","RAst","RAen"
12,55721801,12,56115585,"C","T",0.18986083499006,0,-5.97720390598862,0,15.1488527981627,15.1488527981627,2.26999999999996e-09,1,"12:55721801:C:T",1,"12:55721801:C:T","RDH5",55221801,56221994
12,55721994,12,56115778,"C","A",0.191848906560636,0,-6.09417975757784,0,10.6639044245926,10.6639044245926,1.09999999999998e-09,1,"12:55721994:C:A",1,NA,NA,55221801,56221994
