"CHR","BP","hg19.chr","hg19.pos","REF","ALT","MAF","isPermute","ES.Zscore_0","kappa","tau","W","p","q","SNP","IND","TOP","GENE","RAst","RAen"
18,69705709,18,67372945,"A","G",0.0248508946322068,0,5.50365366174018,0,14.1454060206373,14.1454060206373,3.71999999999998e-08,1,"18:69705709:A:G",1,"18:69705709:A:G","DOK6",69205709,70205709
