"CHR","BP","hg19.chr","hg19.pos","REF","ALT","MAF","isPermute","ES.Zscore_0","kappa","tau","W","p","q","SNP","IND","TOP","GENE","RAst","RAen"
2,41253754,2,41480894,"C","T",0.010934393638171,0,5.53106100939337,0,6.05762818942153,6.05762818942153,3.1829958583841e-08,1,"2:41253754:C:T",1,"2:41253754:C:T","LINC01913",40753754,41753754
