"CHR","BP","hg19.chr","hg19.pos","REF","ALT","MAF","isPermute","ES.Zscore_0","kappa","tau","W","p","q","SNP","IND","TOP","GENE","RAst","RAen"
2,69676444,2,69903576,"A","G",0.238568588469185,0,5.54202125594709,0,6.60909775018225,6.60909775018225,2.99000000000006e-08,1,"2:69676444:A:G",1,NA,NA,69176444,70184784
2,69679526,2,69906658,"T","C",0.243538767395626,0,5.51691611741578,3,7.33996018423913,0,3.44999999999997e-08,1,"2:69679526:T:C",1,NA,NA,69176444,70184784
2,69682845,2,69909977,"A","C",0.244532803180915,0,5.46689002794384,0,7.31700510865021,7.31700510865021,4.58e-08,1,"2:69682845:A:C",1,NA,NA,69176444,70184784
2,69684784,2,69911916,"A","G",0.244532803180915,0,5.51189038373335,0,11.0921837141579,11.0921837141579,3.55000000000003e-08,1,"2:69684784:A:G",1,"2:69684784:A:G","ANXA4",69176444,70184784
