"CHR","BP","hg19.chr","hg19.pos","REF","ALT","MAF","isPermute","ES.Zscore_0","kappa","tau","W","p","q","SNP","IND","TOP","GENE","RAst","RAen"
11,28553092,11,28574639,"C","A",0.498011928429423,0,5.46766603527987,0,8.84052814258362,8.84052814258362,4.5600000000001e-08,1,"11:28553092:C:A",1,"11:28553092:C:A","MIR8068",28053092,29053092
