"CHR","BP","hg19.chr","hg19.pos","REF","ALT","MAF","isPermute","ES.Zscore_0","kappa","tau","W","p","q","SNP","IND","TOP","GENE","RAst","RAen"
6,32618459,6,32586236,"C","A",0.433399602385686,0,-6.34738891679092,0,30.0398247715327,30.0398247715327,2.19000000000005e-10,0.2,"6:32618459:C:A",1,"6:32618459:C:A","HLA-DQA1",32118459,33118459
