"CHR","BP","hg19.chr","hg19.pos","REF","ALT","MAF","isPermute","ES.Zscore_0","kappa","tau","W","p","q","SNP","IND","TOP","GENE","RAst","RAen"
6,34617567,6,34585344,"C",TRUE,0.201789264413519,0,5.54085405696504,0,6.7736718308712,6.7736718308712,3.00999999999995e-08,1,"6:34617567:C:TRUE",1,"6:34617567:C:TRUE","ILRUN",34117567,35117567
