"CHR","BP","hg19.chr","hg19.pos","REF","ALT","MAF","isPermute","ES.Zscore_0","kappa","tau","W","p","q","SNP","IND","TOP","GENE","RAst","RAen"
6,25878620,6,25878848,"A","G",0.0447316103379722,0,5.53854206206281,0,3.20410382870463,3.20410382870463,3.04999999999996e-08,1,"6:25878620:A:G",1,"6:25878620:A:G","SLC17A3",25378620,26378620
