"CHR","BP","hg19.chr","hg19.pos","REF","ALT","MAF","isPermute","ES.Zscore_0","kappa","tau","W","p","q","SNP","IND","TOP","GENE","RAst","RAen"
9,22099569,9,22099568,"C","A",0.496023856858847,0,5.50130051396554,4,12.2200580235109,0,3.76999999999991e-08,1,"9:22099569:C:A",1,NA,NA,21599569,22624141
9,22100177,9,22100176,"G","C",0.497017892644135,0,5.49396877798288,0,11.8019543673911,11.8019543673911,3.93000000000008e-08,1,"9:22100177:G:C",1,"9:22100177:G:C","CDKN2B-AS1",21599569,22624141
9,22103814,9,22103813,"A","G",0.498011928429423,0,5.5535035351021,0,9.77444095570953,9.77444095570953,2.79999999999995e-08,1,"9:22103814:A:G",1,NA,NA,21599569,22624141
9,22124141,9,22124140,"A","T",0.5,0,5.60355453669612,0,7.05259903812936,7.05259903812936,2.09999999999998e-08,1,"9:22124141:A:T",1,NA,NA,21599569,22624141
