"CHR","BP","hg19.chr","hg19.pos","REF","ALT","MAF","isPermute","ES.Zscore_0","kappa","tau","W","p","q","SNP","IND","TOP","GENE","RAst","RAen"
3,536553,3,578236,"G","A",0.0129224652087475,0,5.53233258590012,0,3.65939976177239,3.65939976177239,3.15999999999997e-08,1,"3:536553:G:A",1,"3:536553:G:A","LINC01266",36553,1036553
