"CHR","BP","hg19.chr","hg19.pos","REF","ALT","MAF","isPermute","ES.Zscore_0","kappa","tau","W","p","q","SNP","IND","TOP","GENE","RAst","RAen"
1,32262676,1,32728277,"A","G",0.0218687872763419,0,5.20026928417669,0,26.7961965385925,26.7961965385925,1.99000000000004e-07,0.1,"1:32262676:A:G",1,"1:32262676:A:G","LCK",31762676,32781532
1,32281532,1,32747133,"T","C",0.010934393638171,0,4.6985617322549,0,21.7851895102795,21.7851895102795,2.62000000000003e-06,0.1,"1:32281532:T:C",1,NA,NA,31762676,32781532
