"CHR","BP","hg19.chr","hg19.pos","REF","ALT","MAF","isPermute","ES.Zscore_0","kappa","tau","W","p","q","SNP","IND","TOP","GENE","RAst","RAen"
15,49034864,15,49327061,"T","C",0.23558648111332,0,6.05547950445841,0,8.11097058147017,8.11097058147017,1.40000000000001e-09,1,"15:49034864:T:C",1,NA,NA,48534864,50040056
15,49250004,15,49542201,"A","T",0.257455268389662,0,5.5782144268237,0,8.98724954690698,8.98724954690698,2.42999999999999e-08,1,"15:49250004:A:T",1,NA,NA,48534864,50040056
15,49119563,15,49411760,"A","G",0.307157057654076,0,-5.59947656069652,0,8.28112559050142,8.28112559050142,2.15000000000002e-08,1,"15:49119563:A:G",1,NA,NA,48534864,50040056
15,49454167,15,49746364,"T","A",0.252485089463221,0,6.45115622635838,0,11.1711597105959,11.1711597105959,1.11e-10,1,"15:49454167:T:A",1,"15:49454167:T:A","FGF7",48534864,50040056
15,49329413,15,49621610,"A","G",0.257455268389662,0,5.59081982257371,0,6.07840547881873,6.07840547881873,2.26000000000002e-08,1,"15:49329413:A:G",1,NA,NA,48534864,50040056
15,49483560,15,49775757,"G","T",0.26441351888668,0,6.21816577315433,0,8.48082306845932,8.48082306845932,5.03000000000004e-10,1,"15:49483560:G:T",1,NA,NA,48534864,50040056
15,49540056,15,49832253,"A","C",0.282306163021869,0,-6.04222848837745,0,6.41391008052769,6.41391008052769,1.52000000000004e-09,1,"15:49540056:A:C",1,NA,NA,48534864,50040056
