"CHR","BP","hg19.chr","hg19.pos","REF","ALT","MAF","isPermute","ES.Zscore_0","kappa","tau","W","p","q","SNP","IND","TOP","GENE","RAst","RAen"
11,96694103,11,96565103,"A","G",0.150099403578529,0,5.89707576371806,1,4.31159769175791,0,3.69999999999995e-09,1,"11:96694103:A:G",1,"11:96694103:A:G","LINC02737",96194103,97197255
11,96697255,11,96568255,"A","G",0.181908548707753,0,5.53067547935664,5,0.989588297316939,0,3.19000000000009e-08,1,"11:96697255:A:G",1,NA,NA,96194103,97197255
