"CHR","BP","hg19.chr","hg19.pos","REF","ALT","MAF","isPermute","ES.Zscore_0","kappa","tau","W","p","q","SNP","IND","TOP","GENE","RAst","RAen"
3,73135875,3,73185026,"A","G",0.12624254473161,0,5.94826476064114,0,8.16819046101894,8.16819046101894,2.71e-09,1,"3:73135875:A:G",1,"3:73135875:A:G","PPP4R2",72635875,73673278
3,73173278,3,73222429,"G","A",0.137176938369781,0,5.8515543792541,0,3.68113131532379,3.68113131532379,4.86999999999985e-09,1,"3:73173278:G:A",1,NA,NA,72635875,73673278
