"CHR","BP","hg19.chr","hg19.pos","REF","ALT","MAF","isPermute","ES.Zscore_0","kappa","tau","W","p","q","SNP","IND","TOP","GENE","RAst","RAen"
17,27562785,17,25889811,"A","G",0.010934393638171,0,5.47480243267868,0,6.38027979259924,6.38027979259924,4.37999999999993e-08,1,"17:27562785:A:G",1,"17:27562785:A:G","KSR1",27062785,28195145
17,27645098,17,25972124,"G","T",0.010934393638171,0,5.84160588918325,0,2.92910611628006,2.92910611628006,5.16999999999986e-09,1,"17:27645098:G:T",1,NA,NA,27062785,28195145
17,27695145,17,26022171,"A","G",0.010934393638171,0,5.5473691740642,0,5.90528593959657,5.90528593959657,2.90000000000005e-08,1,"17:27695145:A:G",1,NA,NA,27062785,28195145
