"CHR","BP","hg19.chr","hg19.pos","REF","ALT","MAF","isPermute","ES.Zscore_0","kappa","tau","W","p","q","SNP","IND","TOP","GENE","RAst","RAen"
18,50238751,18,47765121,"G","C",0.418489065606362,0,5.48605886040857,0,5.82869701070176,5.82869701070176,4.11000000000007e-08,1,"18:50238751:G:C",1,"18:50238751:G:C","CFAP53",49738751,50738751
