"CHR","BP","hg19.chr","hg19.pos","REF","ALT","MAF","isPermute","ES.Zscore_0","kappa","tau","W","p","q","SNP","IND","TOP","GENE","RAst","RAen"
2,109379914,2,109996370,"G","A",0.0238568588469185,0,5.64414927718962,0,13.8056436024325,13.8056436024325,1.65999999999997e-08,1,"2:109379914:G:A",1,"2:109379914:G:A","MIR4266",108879914,109879914
