"CHR","BP","hg19.chr","hg19.pos","REF","ALT","MAF","isPermute","ES.Zscore_0","kappa","tau","W","p","q","SNP","IND","TOP","GENE","RAst","RAen"
1,169498416,1,169467654,"G","A",0.0109343936381709,0,5.62828509437206,0,5.54585766337827,5.54585766337827,1.82010083440071e-08,1,"1:169498416:G:A",1,"1:169498416:G:A","SLC19A2",168998416,169998416
11,30195456,11,30217003,"A","T",0.395626242544732,0,-5.57818856071186,0,6.15130489047831,6.15130489047831,2.43036128139e-08,1,"11:30195456:A:T",2,NA,NA,29695456,30837684
11,30193714,11,30215261,"T","A",0.121272365805169,0,-6.38035300708095,0,11.766488343944,11.766488343944,1.76680240921298e-10,0.867924528301887,"11:30193714:T:A",2,NA,NA,29695456,30837684
11,30204981,11,30226528,"G","A",0.141153081510934,0,-6.61432849899111,0,16.73157552123,16.73157552123,3.73242084220526e-11,0.794594594594595,"11:30204981:G:A",2,"11:30204981:G:A","FSHB",29695456,30837684
11,30211068,11,30232615,"G","A",0.417495029821074,0,-5.46721205806547,0,12.5514263088693,12.5514263088693,4.57169003189806e-08,0.794594594594595,"11:30211068:G:A",2,NA,NA,29695456,30837684
11,30337684,11,30359231,"A","G",0.141153081510934,0,-5.63667470550196,0,9.85719711871995,9.85719711871995,1.73365147901245e-08,1,"11:30337684:A:G",2,NA,NA,29695456,30837684
