"CHR","BP","hg19.chr","hg19.pos","REF","ALT","MAF","isPermute","ES.Zscore_0","kappa","tau","W","p","q","SNP","IND","TOP","GENE","RAst","RAen"
7,63890860,7,63351238,"G","A",0.0646123260437376,0,5.62177987061928,0,12.5489401487501,12.5489401487501,1.88999999999997e-08,1,"7:63890860:G:A",1,"7:63890860:G:A","ZNF722P",63390860,64390860
