"CHR","BP","hg19.chr","hg19.pos","REF","ALT","MAF","isPermute","ES.Zscore_0","kappa","tau","W","p","q","SNP","IND","TOP","GENE","RAst","RAen"
1,32429284,1,32894885,"A","G",0.0198807157057654,0,4.89762890653414,0,23.863257536338,23.863257536338,9.70000000000014e-07,0.1,"1:32429284:A:G",1,"1:32429284:A:G","BSDC1",31929284,32929284
8,93181814,8,94194043,"C","T",0.0188866799204771,0,4.50173811013289,0,20.1239383449602,20.1239383449602,6.74000000000004e-06,0.1,"8:93181814:C:T",2,"8:93181814:C:T","C8orf87",92681814,93681814
