"CHR","BP","hg19.chr","hg19.pos","REF","ALT","MAF","isPermute","ES.Zscore_0","kappa","tau","W","p","q","SNP","IND","TOP","GENE","RAst","RAen"
5,32000291,5,32000397,"T","C",0.0407554671968191,0,4.5041586473943,0,19.0216563650925,19.0216563650925,6.66364134500746e-06,0.1,"5:32000291:T:C",1,"5:32000291:T:C","MIR4279",31500291,32500291
10,30000071,10,30289000,"C","T",0.0208747514910537,0,4.54066102051615,0,18.7426292389367,18.7426292389367,5.6078131462867e-06,0.1,"10:30000071:C:T",2,"10:30000071:C:T","JCAD",29500071,30500071
