"CHR","BP","hg19.chr","hg19.pos","REF","ALT","MAF","isPermute","ES.Zscore_0","kappa","tau","W","p","q","SNP","IND","TOP","GENE","RAst","RAen"
11,1214934,11,1236164,"A","G",0.181908548707753,0,7.67455028132327,0,14.9710199635762,14.9710199635762,1.66000000000001e-14,1,"11:1214934:A:G",1,"11:1214934:A:G","MUC5B",714934,1721020
11,1221020,11,1242250,"G","T",0.269383697813121,0,5.5351286457482,0,1.16977825067221,1.16977825067221,3.10999999999997e-08,1,"11:1221020:G:T",1,NA,NA,714934,1721020
