"CHR","BP","hg19.chr","hg19.pos","REF","ALT","MAF","isPermute","ES.Zscore_0","kappa","tau","W","p","q","SNP","IND","TOP","GENE","RAst","RAen"
2,143508879,2,144266448,"G",TRUE,0.234592445328032,0,-5.50446427273653,0,11.0819590807747,11.0819590807747,3.70292542292036e-08,1,"2:143508879:G:TRUE",1,"2:143508879:G:TRUE","ARHGAP15",143008879,144008879
