"CHR","BP","hg19.chr","hg19.pos","REF","ALT","MAF","isPermute","ES.Zscore_0","kappa","tau","W","p","q","SNP","IND","TOP","GENE","RAst","RAen"
16,65721291,16,65755194,"A","C",0.416500994035785,0,5.84354984099066,0,10.0894174967007,10.0894174967007,5.10999999999994e-09,1,"16:65721291:A:C",1,NA,NA,65221291,66246638
16,65727983,16,65761886,"A","T",0.414512922465209,0,5.81703668449562,0,5.61692858510226,5.61692858510226,5.98999999999997e-09,1,"16:65727983:A:T",1,NA,NA,65221291,66246638
16,65729479,16,65763382,"A","G",0.41351888667992,0,5.80595539443223,0,7.11939340618169,7.11939340618169,6.40000000000005e-09,1,"16:65729479:A:G",1,NA,NA,65221291,66246638
16,65733313,16,65767216,"A","G",0.415506958250497,0,5.73641770913272,0,7.7423572894745,7.7423572894745,9.67000000000023e-09,1,"16:65733313:A:G",1,NA,NA,65221291,66246638
16,65733378,16,65767281,"T","A",0.41351888667992,0,5.73072886823629,1,12.8384882000898,0,9.99999999999998e-09,1,"16:65733378:T:A",1,NA,NA,65221291,66246638
16,65735268,16,65769171,"T","C",0.414512922465209,0,5.7665723259872,0,8.06422836778371,8.06422836778371,8.09000000000004e-09,1,"16:65735268:T:C",1,NA,NA,65221291,66246638
16,65735892,16,65769795,"T","C",0.415506958250497,0,5.79603771509851,3,10.5696625854449,0,6.79000000000004e-09,1,"16:65735892:T:C",1,NA,NA,65221291,66246638
16,65737037,16,65770940,"T","C",0.416500994035785,0,5.7873629023443,0,4.76240364806655,4.76240364806655,7.15000000000004e-09,1,"16:65737037:T:C",1,NA,NA,65221291,66246638
16,65743582,16,65777485,"G","C",0.411530815109344,0,5.73606759724122,0,8.80391822585745,8.80391822585745,9.68999999999997e-09,1,"16:65743582:G:C",1,NA,NA,65221291,66246638
16,65743990,16,65777893,"T","C",0.411530815109344,0,5.73415444888075,0,7.9367908450997,7.9367908450997,9.79999999999983e-09,1,"16:65743990:T:C",1,NA,NA,65221291,66246638
16,65744159,16,65778062,"A","G",0.411530815109344,0,5.73294782876908,1,5.33294890853032,0,9.87e-09,1,"16:65744159:A:G",1,NA,NA,65221291,66246638
16,65745918,16,65779821,"T","A",0.408548707753479,0,5.74193636212752,0,9.09985367129239,9.09985367129239,9.36000000000004e-09,1,"16:65745918:T:A",1,NA,NA,65221291,66246638
16,65746638,16,65780541,"T","C",0.411530815109344,0,5.72083788797165,0,11.0552291004581,11.0552291004581,1.06000000000003e-08,1,"16:65746638:T:C",1,"16:65746638:T:C","LINC00922",65221291,66246638
