"CHR","BP","hg19.chr","hg19.pos","REF","ALT","MAF","isPermute","ES.Zscore_0","kappa","tau","W","p","q","SNP","IND","TOP","GENE","RAst","RAen"
7,18865827,7,18905450,"T","C",0.418489065606362,0,5.47119940631041,0,3.02940034652329,3.02940034652329,4.47000000000006e-08,1,"7:18865827:T:C",1,NA,NA,18365827,19380587
7,18866243,7,18905866,"C","T",0.409542743538767,0,5.52261029450417,0,10.3931191620292,10.3931191620292,3.34000000000012e-08,1,"7:18866243:C:T",1,"7:18866243:C:T","HDAC9",18365827,19380587
7,18880587,7,18920210,"T","C",0.434393638170974,0,5.49577419649676,0,6.25364994653156,6.25364994653156,3.88999999999988e-08,1,"7:18880587:T:C",1,NA,NA,18365827,19380587
