"CHR","BP","hg19.chr","hg19.pos","REF","ALT","MAF","isPermute","ES.Zscore_0","kappa","tau","W","p","q","SNP","IND","TOP","GENE","RAst","RAen"
5,34911809,5,34911914,"G","C",0.0168986083499006,0,5.90436854773891,0,6.45966223925941,6.45966223925941,3.53999999999991e-09,1,"5:34911809:G:C",1,"5:34911809:G:C","RAD1",34411809,35411809
