"CHR","BP","hg19.chr","hg19.pos","REF","ALT","MAF","isPermute","ES.Zscore_0","kappa","tau","W","p","q","SNP","IND","TOP","GENE","RAst","RAen"
12,42102401,12,42496203,"T","G",0.0805168986083499,0,5.64728657158041,0,12.4692374336661,12.4692374336661,1.62999999999999e-08,1,"12:42102401:T:G",1,"12:42102401:T:G","GXYLT1",41602401,42602401
