"CHR","BP","hg19.chr","hg19.pos","REF","ALT","MAF","isPermute","ES.Zscore_0","kappa","tau","W","p","q","SNP","IND","TOP","GENE","RAst","RAen"
17,27645098,17,25972124,"G",TRUE,0.010934393638171,0,5.67095946043893,0,2.58766943273507,2.58766943273507,1.42000000000002e-08,1,"17:27645098:G:TRUE",1,"17:27645098:G:TRUE","LGALS9",27145098,28145098
