"CHR","BP","hg19.chr","hg19.pos","REF","ALT","MAF","isPermute","ES.Zscore_0","kappa","tau","W","p","q","SNP","IND","TOP","GENE","RAst","RAen"
22,43928847,22,44324727,"C","G",0.225646123260437,0,5.8139929068774,0,5.89249856413076,5.89249856413076,6.10000000000003e-09,1,"22:43928847:C:G",1,NA,NA,43428847,44428975
22,43928850,22,44324730,"C","T",0.225646123260437,0,5.84951784243456,0,9.07930069664755,9.07930069664755,4.9300000000001e-09,1,"22:43928850:C:T",1,"22:43928850:C:T","PNPLA3",43428847,44428975
22,43928975,22,44324855,"G","A",0.222664015904573,0,5.67835027603453,0,8.03951931473096,8.03951931473096,1.35999999999997e-08,1,"22:43928975:G:A",1,NA,NA,43428847,44428975
