"CHR","BP","hg19.chr","hg19.pos","REF","ALT","MAF","isPermute","ES.Zscore_0","kappa","tau","W","p","q","SNP","IND","TOP","GENE","RAst","RAen"
18,2953792,18,2953790,"G",TRUE,0.218687872763419,0,-5.50318058825632,0,6.23904670439094,6.23904670439094,3.72999999999996e-08,1,"18:2953792:G:TRUE",1,"18:2953792:G:TRUE","CHORDC1P4",2453792,3453792
