"CHR","BP","hg19.chr","hg19.pos","REF","ALT","MAF","isPermute","ES.Zscore_0","kappa","tau","W","p","q","SNP","IND","TOP","GENE","RAst","RAen"
8,8740878,8,8598388,"A","T",0.446322067594433,0,-5.54676706843009,0,5.42412609096211,5.42412609096211,2.91000000000007e-08,1,"8:8740878:A:T",1,"8:8740878:A:T","CLDN23",8240878,9230061
8,8730061,8,8587571,"T","G",0.47713717693837,0,-5.68088443336073,0,3.72472167356745,3.72472167356745,1.33999999999998e-08,1,"8:8730061:T:G",1,NA,NA,8240878,9230061
