"CHR","BP","hg19.chr","hg19.pos","REF","ALT","MAF","isPermute","ES.Zscore_0","kappa","tau","W","p","q","SNP","IND","TOP","GENE","RAst","RAen"
8,10904075,8,10761585,"G","A",0.472166998011928,0,-5.60604681036532,0,3.27376986783358,3.27376986783358,2.06999999999998e-08,1,"8:10904075:G:A",1,NA,NA,10404075,11444491
8,10915134,8,10772644,"A","T",0.457256461232604,0,-5.54437855329501,0,10.2164143937677,10.2164143937677,2.95000000000001e-08,1,"8:10915134:A:T",1,NA,NA,10404075,11444491
8,10944491,8,10802001,"G","C",0.467196819085487,0,-5.77798621658508,0,14.178152870277,14.178152870277,7.55999999999996e-09,1,"8:10944491:G:C",1,"8:10944491:G:C","XKR6",10404075,11444491
