"CHR","BP","hg19.chr","hg19.pos","REF","ALT","MAF","isPermute","ES.Zscore_0","kappa","tau","W","p","q","SNP","IND","TOP","GENE","RAst","RAen"
15,41532152,15,41824350,"G","A",0.0168986083499006,0,5.51561619698379,0,12.0732112050657,12.0732112050657,3.47560015385061e-08,1,"15:41532152:G:A",1,"15:41532152:G:A","RPAP1",41032152,42032152
