"CHR","BP","hg19.chr","hg19.pos","REF","ALT","MAF","isPermute","ES.Zscore_0","kappa","tau","W","p","q","SNP","IND","TOP","GENE","RAst","RAen"
6,32618459,6,32586236,"C","A",0.433399602385686,0,-5.04862554226087,0,21.8078513615608,21.8078513615608,4.44999999999993e-07,0.1,"6:32618459:C:A",1,NA,NA,32118459,33158674
6,32658674,6,32626451,"G","A",0.234592445328032,0,-5.6350574381911,0,26.0895760785355,26.0895760785355,1.74999999999999e-08,0.1,"6:32658674:G:A",1,"6:32658674:G:A","HLA-DQB1",32118459,33158674
