"CHR","BP","hg19.chr","hg19.pos","REF","ALT","MAF","isPermute","ES.Zscore_0","kappa","tau","W","p","q","SNP","IND","TOP","GENE","RAst","RAen"
1,11577350,1,11637407,"C","A",0.493041749502982,0,5.53233258590012,0,6.38891079721538,6.38891079721538,3.15999999999997e-08,1,"1:11577350:C:A",1,NA,NA,11077350,12080144
1,11580144,1,11640201,"T","G",0.490059642147117,0,5.54797329753453,0,6.69446728169875,6.69446728169875,2.89000000000002e-08,1,"1:11580144:T:G",1,"1:11580144:T:G","LINC01647",11077350,12080144
