"CHR","BP","hg19.chr","hg19.pos","REF","ALT","MAF","isPermute","ES.Zscore_0","kappa","tau","W","p","q","SNP","IND","TOP","GENE","RAst","RAen"
10,98931228,10,100690985,"C","G",0.0171370967741936,0,5.84485818586067,0,15.0954060979796,15.0954060979796,5.06999999999994e-09,1,"10:98931228:C:G",1,"10:98931228:C:G","MIR6507",98431228,99460534
10,98960534,10,100720291,"G","A",0.0149105367793241,0,5.77932706685532,0,14.3832620997827,14.3832620997827,7.50000000000016e-09,1,"10:98960534:G:A",1,NA,NA,98431228,99460534
