"CHR","BP","hg19.chr","hg19.pos","REF","ALT","MAF","isPermute","ES.Zscore_0","kappa","tau","W","p","q","SNP","IND","TOP","GENE","RAst","RAen"
8,69492913,8,70405148,"A","G",0.224652087475149,0,5.46343816097,0,10.8563740430216,10.8563740430216,4.67000000000004e-08,1,"8:69492913:A:G",1,"8:69492913:A:G","SULF1",68992913,69992913
