"CHR","BP","hg19.chr","hg19.pos","REF","ALT","MAF","isPermute","ES.Zscore_0","kappa","tau","W","p","q","SNP","IND","TOP","GENE","RAst","RAen"
7,80253422,7,79882738,"G","A",0.0129224652087475,0,4.84128838706751,0,23.3835611804383,23.3835611804383,1.29000000000002e-06,0.1,"7:80253422:G:A",1,"7:80253422:G:A","GNAI1",79753422,80753422
15,74630651,15,74922992,"G","A",0.010934393638171,0,5.07475283917076,0,21.8075638848514,21.8075638848514,3.87999999999992e-07,0.1,"15:74630651:G:A",2,"15:74630651:G:A","EDC3",74130651,75130651
