"CHR","BP","hg19.chr","hg19.pos","REF","ALT","MAF","isPermute","ES.Zscore_0","kappa","tau","W","p","q","SNP","IND","TOP","GENE","RAst","RAen"
1,158312197,1,158281987,"A","G",0.366799204771372,0,5.45131043784548,0,11.6094055127876,11.6094055127876,4.99999999999995e-08,1,"1:158312197:A:G",1,NA,NA,157812197,158814220
1,158313977,1,158283767,"G","A",0.366799204771372,0,5.45709039046737,0,15.3156703276449,15.3156703276449,4.84000000000011e-08,0.857142857142857,"1:158313977:G:A",1,"1:158313977:G:A","CD1B",157812197,158814220
1,158314220,1,158284010,"A","G",0.366799204771372,0,5.45856431288329,0,6.93378702268577,6.93378702268577,4.79999999999993e-08,1,"1:158314220:A:G",1,NA,NA,157812197,158814220
