"CHR","BP","hg19.chr","hg19.pos","REF","ALT","MAF","isPermute","ES.Zscore_0","kappa","tau","W","p","q","SNP","IND","TOP","GENE","RAst","RAen"
12,48825180,12,49218963,"A","G",0.0178926441351889,0,4.80858814995385,0,20.3460061802162,20.3460061802162,1.52000000000002e-06,0.1,"12:48825180:A:G",1,"12:48825180:A:G","CACNB3",48325180,49325180
18,48922435,18,46448805,"T","C",0.458250497017893,0,-5.87690814194017,0,25.9964983585686,25.9964983585686,4.18000000000009e-09,0.1,"18:48922435:T:C",2,"18:48922435:T:C","SMAD7",48422435,49427678
18,48925503,18,46451873,"G","A",0.449304174950298,0,-5.55164119537502,0,11.3300295690044,11.3300295690044,2.83000000000002e-08,1,"18:48925503:G:A",2,NA,NA,48422435,49427678
18,48925957,18,46452327,"A","G",0.450298210735586,0,-5.47199396156972,0,14.7448304342978,14.7448304342978,4.44999999999987e-08,0.453333333333333,"18:48925957:A:G",2,NA,NA,48422435,49427678
18,48926786,18,46453156,"A","T",0.449304174950298,0,-5.52957911960536,0,18.7446910295663,18.7446910295663,3.20999999999995e-08,0.233333333333333,"18:48926786:A:T",2,NA,NA,48422435,49427678
18,48927093,18,46453463,"T","C",0.468190854870775,0,-5.65373303804183,0,16.2298818614973,16.2298818614973,1.56999999999998e-08,0.28,"18:48927093:T:C",2,NA,NA,48422435,49427678
18,48927678,18,46454048,"A","G",0.450298210735586,0,-5.56443707970266,0,18.3535964972479,18.3535964972479,2.63000000000003e-08,0.233333333333333,"18:48927678:A:G",2,NA,NA,48422435,49427678
