"CHR","BP","hg19.chr","hg19.pos","REF","ALT","MAF","isPermute","ES.Zscore_0","kappa","tau","W","p","q","SNP","IND","TOP","GENE","RAst","RAen"
2,112851246,2,113608823,"A","G",0.28727634194831,0,-5.50460352005625,0,11.1141746440918,11.1141746440918,3.70000000000009e-08,1,"2:112851246:A:G",1,"2:112851246:A:G","IL1B",112351246,113352309
2,112852309,2,113609886,"T","C",0.348906560636183,0,5.46689002794384,0,4.32557839050294,4.32557839050294,4.58e-08,1,"2:112852309:T:C",1,NA,NA,112351246,113352309
