"CHR","BP","hg19.chr","hg19.pos","REF","ALT","MAF","isPermute","ES.Zscore_0","kappa","tau","W","p","q","SNP","IND","TOP","GENE","RAst","RAen"
8,25871189,8,25728705,"C","T",0.0377733598409543,0,5.47971977264415,0,6.50795675220266,6.50795675220266,4.26e-08,1,"8:25871189:C:T",1,NA,NA,25371189,26384287
8,25874901,8,25732417,"G","A",0.0387673956262425,0,5.56377519657764,4,6.78698165634859,0,2.64000000000001e-08,1,"8:25874901:G:A",1,NA,NA,25371189,26384287
8,25876540,8,25734056,"T","A",0.0377733598409543,0,5.62734922283125,0,9.76632688982207,9.76632688982207,1.83000000000001e-08,1,"8:25876540:T:A",1,"8:25876540:T:A","EBF2",25371189,26384287
8,25877814,8,25735330,"C","T",0.0417495029821074,0,5.7257133676471,0,6.96458311640154,6.96458311640154,1.03e-08,1,"8:25877814:C:T",1,NA,NA,25371189,26384287
8,25882427,8,25739943,"G","T",0.0377733598409543,0,5.70115266638902,5,4.0493772123046,0,1.19000000000002e-08,1,"8:25882427:G:T",1,NA,NA,25371189,26384287
8,25884287,8,25741803,"G","A",0.0387673956262425,0,5.90813615655293,1,6.45412182697754,0,3.46000000000001e-09,1,"8:25884287:G:A",1,NA,NA,25371189,26384287
