"CHR","BP","hg19.chr","hg19.pos","REF","ALT","MAF","isPermute","ES.Zscore_0","kappa","tau","W","p","q","SNP","IND","TOP","GENE","RAst","RAen"
2,1608342,2,1612114,TRUE,"C",0.122266401590457,0,5.53682729003839,0,11.232220713978,11.232220713978,3.07999999999997e-08,1,"2:1608342:TRUE:C",1,"2:1608342:TRUE:C","PXDN",1108342,2108342
