"CHR","BP","hg19.chr","hg19.pos","REF","ALT","MAF","isPermute","ES.Zscore_0","kappa","tau","W","p","q","SNP","IND","TOP","GENE","RAst","RAen"
14,64829350,14,65296068,TRUE,"C",0.0149105367793241,0,5.48180841835574,0,7.09452473849062,7.09452473849062,4.20999999999991e-08,1,"14:64829350:TRUE:C",1,"14:64829350:TRUE:C","SPTB",64329350,65329350
