"CHR","BP","hg19.chr","hg19.pos","REF","ALT","MAF","isPermute","ES.Zscore_0","kappa","tau","W","p","q","SNP","IND","TOP","GENE","RAst","RAen"
11,32470901,11,32492447,"C",TRUE,0.243538767395626,0,-5.50755773152898,0,9.46981794455646,9.46981794455646,3.63846107549552e-08,1,"11:32470901:C:TRUE",1,"11:32470901:C:TRUE","WT1-AS",31970901,32970901
