"CHR","BP","hg19.chr","hg19.pos","REF","ALT","MAF","isPermute","ES.Zscore_0","kappa","tau","W","p","q","SNP","IND","TOP","GENE","RAst","RAen"
10,95032972,10,96792729,"G","A",0.010934393638171,0,5.4877871781818,0,13.0054626328507,13.0054626328507,4.0700000000001e-08,1,"10:95032972:G:A",1,"10:95032972:G:A","CYP2C8",94532972,95532972
