"CHR","BP","hg19.chr","hg19.pos","REF","ALT","MAF","isPermute","ES.Zscore_0","kappa","tau","W","p","q","SNP","IND","TOP","GENE","RAst","RAen"
10,54109314,10,55869074,"G","C",0.0278330019880716,0,5.57111357280051,0,13.7060243987344,13.7060243987344,2.53116251528269e-08,0.981818181818182,"10:54109314:G:C",1,"10:54109314:G:C","PCDH15",53609314,54609314
