"CHR","BP","hg19.chr","hg19.pos","REF","ALT","MAF","isPermute","ES.Zscore_0","kappa","tau","W","p","q","SNP","IND","TOP","GENE","RAst","RAen"
17,50504857,17,48582218,"C",TRUE,0.0119284294234592,0,5.61549528653129,0,19.8240756225599,19.8240756225599,1.96000000000002e-08,0.4,"17:50504857:C:TRUE",1,"17:50504857:C:TRUE","MYCBPAP",50004857,51004857
