"CHR","BP","hg19.chr","hg19.pos","REF","ALT","MAF","isPermute","ES.Zscore_0","kappa","tau","W","p","q","SNP","IND","TOP","GENE","RAst","RAen"
5,1282204,5,1282319,"C","A",0.349900596421471,0,5.76761755821495,0,23.5245861505888,23.5245861505888,8.04000000000017e-09,0.2,"5:1282204:C:A",1,NA,NA,782204,1785859
5,1282299,5,1282414,"G","A",0.368787276341948,0,5.49262637011449,0,20.7139954509564,20.7139954509564,3.95999999999992e-08,0.266666666666667,"5:1282299:G:A",1,NA,NA,782204,1785859
5,1285859,5,1285974,"C","A",0.336978131212724,0,5.69140263192464,0,23.8106727339095,23.8106727339095,1.25999999999999e-08,0.2,"5:1285859:C:A",1,"5:1285859:C:A","TERT",782204,1785859
17,7668434,17,7571752,"T","G",0.0139165009940358,0,5.99143301277122,1,7.18354354272758,0,2.08000000000004e-09,1,"17:7668434:T:G",2,"17:7668434:T:G","TP53",7168434,8168434
