"CHR","BP","hg19.chr","hg19.pos","REF","ALT","MAF","isPermute","ES.Zscore_0","kappa","tau","W","p","q","SNP","IND","TOP","GENE","RAst","RAen"
20,19474559,20,19455203,"G","A",0.156063618290258,0,5.72407304452193,0,8.51681039259764,8.51681039259764,1.04e-08,1,"20:19474559:G:A",1,NA,NA,18974559,19996121
20,19476624,20,19457268,"A","G",0.178926441351889,0,5.89051239122812,0,10.4025447059395,10.4025447059395,3.85000000000009e-09,1,"20:19476624:A:G",1,"20:19476624:A:G","LOC100130264",18974559,19996121
20,19488965,20,19469609,"G","A",0.157057654075547,0,5.71924249158423,0,4.71290207194491,4.71290207194491,1.07e-08,1,"20:19488965:G:A",1,NA,NA,18974559,19996121
20,19496121,20,19476765,"G","A",0.176938369781312,0,5.90436854773891,4,3.68253707933658,0,3.53999999999991e-09,1,"20:19496121:G:A",1,NA,NA,18974559,19996121
