"CHR","BP","hg19.chr","hg19.pos","REF","ALT","MAF","isPermute","ES.Zscore_0","kappa","tau","W","p","q","SNP","IND","TOP","GENE","RAst","RAen"
15,98414873,15,98958102,"A","T",0.486083499005964,0,5.55041024777321,0,7.39833441584107,7.39833441584107,2.85000000000005e-08,1,"15:98414873:A:T",1,NA,NA,97914873,98916084
15,98414986,15,98958215,"A","G",0.484095427435388,0,5.52472610882326,0,10.0402831210375,10.0402831210375,3.3e-08,1,"15:98414986:A:G",1,"15:98414986:A:G","LINC02351",97914873,98916084
15,98416084,15,98959313,"G","A",0.486083499005964,0,5.49129378788302,0,6.25934934145005,6.25934934145005,3.98999999999992e-08,1,"15:98416084:G:A",1,NA,NA,97914873,98916084
