"CHR","BP","hg19.chr","hg19.pos","REF","ALT","MAF","isPermute","ES.Zscore_0","kappa","tau","W","p","q","SNP","IND","TOP","GENE","RAst","RAen"
10,3830684,10,3872876,"C","T",0.296222664015905,0,4.71986604907627,0,18.6476598586784,18.6476598586784,2.36e-06,0.1,"10:3830684:C:T",1,"10:3830684:C:T","LINC02639",3330684,4330684
20,38153476,20,36781878,"G","A",0.0129224652087475,0,4.40455754775393,0,18.7201742048857,18.7201742048857,1.06000000000001e-05,0.1,"20:38153476:G:A",2,"20:38153476:G:A","TGM2",37653476,38653476
