"CHR","BP","hg19.chr","hg19.pos","REF","ALT","MAF","isPermute","ES.Zscore_0","kappa","tau","W","p","q","SNP","IND","TOP","GENE","RAst","RAen"
13,47194806,13,47768941,"G","A",0.111332007952286,0,5.45490149885657,0,14.5254850351306,14.5254850351306,4.90000000000007e-08,1,"13:47194806:G:A",1,"13:47194806:G:A","HTR2A",46694806,47694806
