"CHR","BP","hg19.chr","hg19.pos","REF","ALT","MAF","isPermute","ES.Zscore_0","kappa","tau","W","p","q","SNP","IND","TOP","GENE","RAst","RAen"
10,48620715,10,49828760,"T","C",0.0278330019880716,0,5.60438143250535,0,9.10417714264402,9.10417714264402,2.08999999999998e-08,1,"10:48620715:T:C",1,NA,NA,48120715,49208632
10,48630202,10,49838247,"C","T",0.0278330019880716,0,5.60355453669612,0,0.720899032163896,0.720899032163896,2.09999999999998e-08,1,"10:48630202:C:T",1,NA,NA,48120715,49208632
10,48640813,10,49848858,"G","T",0.0278330019880716,0,5.62269606614382,1,8.60341252377608,0,1.88000000000001e-08,1,"10:48640813:G:T",1,NA,NA,48120715,49208632
10,48708632,10,49916677,"G","T",0.0268389662027833,0,5.71454181354145,0,9.80279358731014,9.80279358731014,1.10000000000002e-08,1,"10:48708632:G:T",1,"10:48708632:G:T","WDFY4",48120715,49208632
