"CHR","BP","hg19.chr","hg19.pos","REF","ALT","MAF","isPermute","ES.Zscore_0","kappa","tau","W","p","q","SNP","IND","TOP","GENE","RAst","RAen"
5,73262831,5,72558658,"C",TRUE,0.0119284294234592,0,5.87106670222393,0,15.991726087621,15.991726087621,4.33000000000011e-09,0.76,"5:73262831:C:TRUE",1,"5:73262831:C:TRUE","LOC340090",72762831,73762831
