"CHR","BP","hg19.chr","hg19.pos","REF","ALT","MAF","isPermute","ES.Zscore_0","kappa","tau","W","p","q","SNP","IND","TOP","GENE","RAst","RAen"
8,8740878,8,8598388,"A","T",0.446322067594433,0,-5.56846041313127,0,5.07646422065113,5.07646422065113,2.56999999999998e-08,1,"8:8740878:A:T",1,"8:8740878:A:T","CLDN23",8240878,9230061
8,8730061,8,8587571,"T","G",0.47713717693837,0,-5.62086836992668,0,3.55290337117744,3.55290337117744,1.9e-08,1,"8:8730061:T:G",1,NA,NA,8240878,9230061
