"CHR","BP","hg19.chr","hg19.pos","REF","ALT","MAF","isPermute","ES.Zscore_0","kappa","tau","W","p","q","SNP","IND","TOP","GENE","RAst","RAen"
20,47769931,20,46398675,"C",TRUE,0.099403578528827,0,-5.52903342224742,0,8.72406673261973,8.72406673261973,3.21999999999992e-08,1,"20:47769931:C:TRUE",1,"20:47769931:C:TRUE","SULF2",47269931,48269931
