"CHR","BP","hg19.chr","hg19.pos","REF","ALT","MAF","isPermute","ES.Zscore_0","kappa","tau","W","p","q","SNP","IND","TOP","GENE","RAst","RAen"
15,78664464,15,78956806,"T","C",0.407554671968191,0,5.48648940577006,0,12.206267408155,12.206267408155,4.09999999999993e-08,0.715789473684211,"15:78664464:T:C",1,"15:78664464:T:C","CHRNB4",78164464,79168187
15,78668187,15,78960529,"A","C",0.411530815109344,0,5.54676706843009,0,9.21529163126932,9.21529163126932,2.91000000000007e-08,1,"15:78668187:A:C",1,NA,NA,78164464,79168187
