"CHR","BP","hg19.chr","hg19.pos","REF","ALT","MAF","isPermute","ES.Zscore_0","kappa","tau","W","p","q","SNP","IND","TOP","GENE","RAst","RAen"
6,479818,6,479818,"A","C",0.0149105367793241,0,5.46419963490165,0,15.0126642417869,15.0126642417869,4.64999999999996e-08,1,"6:479818:A:C",1,"6:479818:A:C","EXOC2",-20182,984453
6,483593,6,483593,"A","G",0.0208747514910537,0,5.97720390598862,0,5.72444955886729,5.72444955886729,2.26999999999996e-09,1,"6:483593:A:G",1,NA,NA,-20182,984453
6,484453,6,484453,"C","G",0.0208747514910537,0,6.11312301352043,0,12.9644786333884,12.9644786333884,9.76999999999973e-10,1,"6:484453:C:G",1,NA,NA,-20182,984453
