"CHR","BP","hg19.chr","hg19.pos","REF","ALT","MAF","isPermute","ES.Zscore_0","kappa","tau","W","p","q","SNP","IND","TOP","GENE","RAst","RAen"
20,23344014,20,23324651,"A","G",0.208747514910537,0,-5.46117256252983,0,15.2264390306261,15.2264390306261,4.72999999999991e-08,1,"20:23344014:A:G",1,"20:23344014:A:G","NXT1",22844014,23844014
