"CHR","BP","hg19.chr","hg19.pos","REF","ALT","MAF","isPermute","ES.Zscore_0","kappa","tau","W","p","q","SNP","IND","TOP","GENE","RAst","RAen"
12,45753671,12,46147454,"C",TRUE,0.0198807157057654,0,5.56982180404529,0,28.2897315205065,28.2897315205065,2.55000000000005e-08,0.2,"12:45753671:C:TRUE",1,"12:45753671:C:TRUE","ARID2",45253671,46253671
