"CHR","BP","hg19.chr","hg19.pos","REF","ALT","MAF","isPermute","ES.Zscore_0","kappa","tau","W","p","q","SNP","IND","TOP","GENE","RAst","RAen"
19,44888997,19,45392254,"C","T",0.165009940357853,0,5.74485461130364,0,4.8864875569852,4.8864875569852,9.19999999999972e-09,1,"19:44888997:C:T",1,NA,NA,44388997,45419689
19,44906745,19,45410002,"G","A",0.123260437375746,0,5.48222903230124,0,10.1243773659149,10.1243773659149,4.20000000000001e-08,1,"19:44906745:G:A",1,NA,NA,44388997,45419689
19,44908684,19,45411941,"T","C",0.154075546719682,0,6.88720300120587,0,11.7883891801812,11.7883891801812,5.69000000000015e-12,1,"19:44908684:T:C",1,"19:44908684:T:C","APOE",44388997,45419689
19,44918903,19,45422160,"C","G",0.197813121272366,0,6.47000449818464,0,10.9917788737921,10.9917788737921,9.79999999999997e-11,1,"19:44918903:C:G",1,NA,NA,44388997,45419689
19,44919589,19,45422846,"G","A",0.197813121272366,0,6.44578974157266,0,10.2764389417928,10.2764389417928,1.15000000000003e-10,1,"19:44919589:G:A",1,NA,NA,44388997,45419689
19,44919689,19,45422946,"A","G",0.197813121272366,0,6.50970206976836,0,8.0919482450463,8.0919482450463,7.53000000000005e-11,1,"19:44919689:A:G",1,NA,NA,44388997,45419689
