"CHR","BP","hg19.chr","hg19.pos","REF","ALT","MAF","isPermute","ES.Zscore_0","kappa","tau","W","p","q","SNP","IND","TOP","GENE","RAst","RAen"
16,9135088,16,9228945,"G","A",0.248508946322068,0,5.61996151544644,0,12.3083526188302,12.3083526188302,1.91000000000003e-08,1,"16:9135088:G:A",1,"16:9135088:G:A","C16orf72",8635088,9635088
