"CHR","BP","hg19.chr","hg19.pos","REF","ALT","MAF","isPermute","ES.Zscore_0","kappa","tau","W","p","q","SNP","IND","TOP","GENE","RAst","RAen"
3,38565977,3,38607468,"A","G",0.0238568588469185,0,5.46727762007145,0,10.3149805606727,10.3149805606727,4.56999999999995e-08,1,"3:38565977:A:G",1,"3:38565977:A:G","SCN5A",38065977,39065977
