"CHR","BP","hg19.chr","hg19.pos","REF","ALT","MAF","isPermute","ES.Zscore_0","kappa","tau","W","p","q","SNP","IND","TOP","GENE","RAst","RAen"
1,113761186,1,114303808,"C","A",0.0944333996023857,0,5.55856606683786,0,5.60628744460685,5.60628744460685,2.72000000000004e-08,1,"1:113761186:C:A",1,NA,NA,113261186,114334946
1,113834946,1,114377568,"A","G",0.0944333996023857,0,-5.56050185050299,0,6.43332851298329,6.43332851298329,2.68999999999998e-08,1,"1:113834946:A:G",1,"1:113834946:A:G","PTPN22",113261186,114334946
