"CHR","BP","hg19.chr","hg19.pos","REF","ALT","MAF","isPermute","ES.Zscore_0","kappa","tau","W","p","q","SNP","IND","TOP","GENE","RAst","RAen"
14,62668064,14,63134782,"G","A",0.073558648111332,0,5.47765476166277,0,7.71599954245751,7.71599954245751,4.31000000000009e-08,1,"14:62668064:G:A",1,"14:62668064:G:A","KCNH5",62168064,63171083
14,62668238,14,63134956,"T","G",0.073558648111332,0,5.47971977264415,2,7.77642668872548,0,4.26e-08,1,"14:62668238:T:G",1,NA,NA,62168064,63171083
14,62669960,14,63136678,"A","G",0.073558648111332,0,5.49943968613138,0,6.45142727416285,6.45142727416285,3.81000000000006e-08,1,"14:62669960:A:G",1,NA,NA,62168064,63171083
14,62670026,14,63136744,"T","A",0.073558648111332,0,5.49668366775136,0,5.43627065276091,5.43627065276091,3.8699999999999e-08,1,"14:62670026:T:A",1,NA,NA,62168064,63171083
14,62671083,14,63137801,"A","C",0.073558648111332,0,5.50991844137377,0,5.42949858094396,5.42949858094396,3.59000000000005e-08,1,"14:62671083:A:C",1,NA,NA,62168064,63171083
