"CHR","BP","hg19.chr","hg19.pos","REF","ALT","MAF","isPermute","ES.Zscore_0","kappa","tau","W","p","q","SNP","IND","TOP","GENE","RAst","RAen"
10,62498069,10,64257828,TRUE,"C",0.487077534791252,0,5.52463291412008,0,1.97713124043691,1.97713124043691,3.30175204409052e-08,1,"10:62498069:TRUE:C",1,"10:62498069:TRUE:C","ZNF365",61998069,62998069
