"CHR","BP","hg19.chr","hg19.pos","REF","ALT","MAF","isPermute","ES.Zscore_0","kappa","tau","W","p","q","SNP","IND","TOP","GENE","RAst","RAen"
4,36321410,4,36323032,"G","A",0.121272365805169,0,5.53739707340838,0,6.65815833985604,6.65815833985604,3.07000000000007e-08,1,"4:36321410:G:A",1,"4:36321410:G:A","DTHD1",35821410,36821410
