"CHR","BP","hg19.chr","hg19.pos","REF","ALT","MAF","isPermute","ES.Zscore_0","kappa","tau","W","p","q","SNP","IND","TOP","GENE","RAst","RAen"
13,94927699,13,95579953,"A",TRUE,0.0248508946322068,0,5.48865752304449,0,12.0101849079903,12.0101849079903,4.04999999999995e-08,1,"13:94927699:A:TRUE",1,"13:94927699:A:TRUE","LOC101927284",94427699,95427699
