"CHR","BP","hg19.chr","hg19.pos","REF","ALT","MAF","isPermute","ES.Zscore_0","kappa","tau","W","p","q","SNP","IND","TOP","GENE","RAst","RAen"
16,69782019,16,69815922,"A","T",0.0129224652087475,0,5.61996151544644,0,15.3760622786715,15.3760622786715,1.91000000000003e-08,0.96,"16:69782019:A:T",1,"16:69782019:A:T","WWP2",69282019,70298213
16,69798213,16,69832116,"A","G",0.0129224652087475,0,5.65929058412631,0,14.9895439012104,14.9895439012104,1.51999999999997e-08,0.96,"16:69798213:A:G",1,NA,NA,69282019,70298213
