"CHR","BP","hg19.chr","hg19.pos","REF","ALT","MAF","isPermute","ES.Zscore_0","kappa","tau","W","p","q","SNP","IND","TOP","GENE","RAst","RAen"
2,6744309,2,6884440,"G","A",0.0139165009940358,0,5.83528096184054,0,17.5646971702587,17.5646971702587,5.37000000000012e-09,0.6,"2:6744309:G:A",1,"2:6744309:G:A","LINC00487",6244309,7244309
