"CHR","BP","hg19.chr","hg19.pos","REF","ALT","MAF","isPermute","ES.Zscore_0","kappa","tau","W","p","q","SNP","IND","TOP","GENE","RAst","RAen"
10,69626314,10,71386070,TRUE,"C",0.0248508946322068,0,5.57396904360075,0,9.41107398602528,9.41107398602528,2.49000000000007e-08,1,"10:69626314:TRUE:C",1,"10:69626314:TRUE:C","FAM241B",69126314,70126314
