"CHR","BP","hg19.chr","hg19.pos","REF","ALT","MAF","isPermute","ES.Zscore_0","kappa","tau","W","p","q","SNP","IND","TOP","GENE","RAst","RAen"
14,35446155,14,35915361,"C","A",0.0188866799204771,0,5.67216994031669,1,7.97672580481089,0,1.40999999999996e-08,1,"14:35446155:C:A",1,"14:35446155:C:A","NFKBIA",34946155,35946155
