"CHR","BP","hg19.chr","hg19.pos","REF","ALT","MAF","isPermute","ES.Zscore_0","kappa","tau","W","p","q","SNP","IND","TOP","GENE","RAst","RAen"
13,78573265,13,79147400,"G",TRUE,0.275347912524851,0,5.51845141182725,0,7.85661536840301,7.85661536840301,3.42000000000006e-08,1,"13:78573265:G:TRUE",1,"13:78573265:G:TRUE","LOC780529",78073265,79073265
