"CHR","BP","hg19.chr","hg19.pos","REF","ALT","MAF","isPermute","ES.Zscore_0","kappa","tau","W","p","q","SNP","IND","TOP","GENE","RAst","RAen"
4,1019594,4,1013382,"G","A",0.203777335984095,0,5.82013532755142,0,7.79669707839039,7.79669707839039,5.87999999999988e-09,1,"4:1019594:G:A",1,"4:1019594:G:A","FGFRL1",519594,1519594
