"CHR","BP","hg19.chr","hg19.pos","REF","ALT","MAF","isPermute","ES.Zscore_0","kappa","tau","W","p","q","SNP","IND","TOP","GENE","RAst","RAen"
21,16434292,21,17806612,"A","G",0.458250497017893,0,5.51845141182725,5,28.2807509424669,0,3.42000000000006e-08,1,"21:16434292:A:G",1,"21:16434292:A:G","MIR99AHG",15934292,16934342
21,16434342,21,17806662,"T","A",0.458250497017893,0,5.54797329753453,3,18.1687246947034,0,2.89000000000002e-08,1,"21:16434342:T:A",1,NA,NA,15934292,16934342
