"CHR","BP","hg19.chr","hg19.pos","REF","ALT","MAF","isPermute","ES.Zscore_0","kappa","tau","W","p","q","SNP","IND","TOP","GENE","RAst","RAen"
8,13776914,8,13634423,"C",TRUE,0.198807157057654,0,5.46381716446372,0,6.44741534325205,6.44741534325205,4.66003512818664e-08,1,"8:13776914:C:TRUE",1,NA,NA,13276914,14336116
8,13836116,8,13693625,"C",TRUE,0.280318091451292,0,5.48089366350894,0,11.2898202026161,11.2898202026161,4.23182784853812e-08,1,"8:13836116:C:TRUE",1,"8:13836116:C:TRUE","LOC102725080",13276914,14336116
