"CHR","BP","hg19.chr","hg19.pos","REF","ALT","MAF","isPermute","ES.Zscore_0","kappa","tau","W","p","q","SNP","IND","TOP","GENE","RAst","RAen"
13,63222119,13,63796252,TRUE,"C",0.0725646123260437,0,5.45202304670656,2,10.2798426969234,0,4.97999999999996e-08,1,"13:63222119:TRUE:C",1,"13:63222119:TRUE:C","LINC00376",62722119,63722119
