"CHR","BP","hg19.chr","hg19.pos","REF","ALT","MAF","isPermute","ES.Zscore_0","kappa","tau","W","p","q","SNP","IND","TOP","GENE","RAst","RAen"
6,33090806,6,33058583,TRUE,"C",0.394632206759443,0,-5.48822183094749,0,2.78676394679063,2.78676394679063,4.05999999999995e-08,1,"6:33090806:TRUE:C",1,"6:33090806:TRUE:C","HLA-DPB1",32590806,33590806
