"CHR","BP","hg19.chr","hg19.pos","REF","ALT","MAF","isPermute","ES.Zscore_0","kappa","tau","W","p","q","SNP","IND","TOP","GENE","RAst","RAen"
12,63752904,12,64146684,TRUE,"C",0.025844930417495,0,5.60191215091803,0,9.11602791894749,9.11602791894749,2.11999999999998e-08,1,"12:63752904:TRUE:C",1,"12:63752904:TRUE:C","RXYLT1",63252904,64256551
12,63756078,12,64149858,TRUE,"C",0.025844930417495,0,5.61027958666032,0,7.84335821977008,7.84335821977008,2.01999999999994e-08,1,"12:63756078:TRUE:C",1,NA,NA,63252904,64256551
12,63756551,12,64150331,TRUE,"A",0.025844930417495,0,5.60857439965198,1,5.51986449711793,0,2.04e-08,1,"12:63756551:TRUE:A",1,NA,NA,63252904,64256551
