"CHR","BP","hg19.chr","hg19.pos","REF","ALT","MAF","isPermute","ES.Zscore_0","kappa","tau","W","p","q","SNP","IND","TOP","GENE","RAst","RAen"
1,169498416,1,169467654,"G","A",0.0109343936381709,0,-5.82532957617621,0,6.60953765087882,6.60953765087882,5.70000000000003e-09,1,"1:169498416:G:A",1,"1:169498416:G:A","SLC19A2",168998416,170049811
1,169549811,1,169519049,"C","T",0.0119284294234592,0,6.15771932298719,2,9.56604367177784,0,7.38000000000018e-10,1,"1:169549811:C:T",1,NA,NA,168998416,170049811
