"CHR","BP","hg19.chr","hg19.pos","REF","ALT","MAF","isPermute","ES.Zscore_0","kappa","tau","W","p","q","SNP","IND","TOP","GENE","RAst","RAen"
5,31924865,5,31924971,"T","C",0.102385685884692,0,-5.49352020786282,0,12.9050766498422,12.9050766498422,3.94000000000013e-08,1,"5:31924865:T:C",1,"5:31924865:T:C","MIR4279",31424865,32428184
5,31928184,5,31928290,"A","G",0.0994035785288271,0,-5.51238673626888,0,12.2605660644069,12.2605660644069,3.53999999999994e-08,1,"5:31928184:A:G",1,NA,NA,31424865,32428184
