"CHR","BP","hg19.chr","hg19.pos","REF","ALT","MAF","isPermute","ES.Zscore_0","kappa","tau","W","p","q","SNP","IND","TOP","GENE","RAst","RAen"
20,43433636,20,42062276,"T","C",0.401590457256461,0,5.5351286457482,0,15.3665513750391,15.3665513750391,3.10999999999997e-08,1,"20:43433636:T:C",1,"20:43433636:T:C","SRSF6",42933636,43933636
20,46897137,20,45525776,"C","T",0.0139165009940358,0,5.55985427169748,0,9.87562404252076,9.87562404252076,2.70000000000001e-08,1,"20:46897137:C:T",2,"20:46897137:C:T","EYA2",46397137,47399598
20,46899598,20,45528237,"C","T",0.0129224652087475,0,5.62177987061928,0,7.78606941891393,7.78606941891393,1.88999999999997e-08,1,"20:46899598:C:T",2,NA,NA,46397137,47399598
