"CHR","BP","hg19.chr","hg19.pos","REF","ALT","MAF","isPermute","ES.Zscore_0","kappa","tau","W","p","q","SNP","IND","TOP","GENE","RAst","RAen"
5,91173903,5,90469720,"A",TRUE,0.0497017892644135,0,5.45202304670656,0,16.3650235793084,16.3650235793084,4.97999999999996e-08,1,"5:91173903:A:TRUE",1,"5:91173903:A:TRUE","ADGRV1",90673903,91673903
