"CHR","BP","hg19.chr","hg19.pos","REF","ALT","MAF","isPermute","ES.Zscore_0","kappa","tau","W","p","q","SNP","IND","TOP","GENE","RAst","RAen"
22,45918016,22,46313896,"C","G",0.12624254473161,0,5.55792540721519,0,6.43608711888202,6.43608711888202,2.73000000000004e-08,1,"22:45918016:C:G",1,"22:45918016:C:G","WNT7B",45418016,46418016
