"CHR","BP","hg19.chr","hg19.pos","REF","ALT","MAF","isPermute","ES.Zscore_0","kappa","tau","W","p","q","SNP","IND","TOP","GENE","RAst","RAen"
6,31636814,6,31604591,"C",TRUE,0.146123260437376,0,5.51640722905015,0,7.71834864351015,7.71834864351015,3.46000000000002e-08,1,"6:31636814:C:TRUE",1,"6:31636814:C:TRUE","PRRC2A",31136814,32136814
