"CHR","BP","hg19.chr","hg19.pos","REF","ALT","MAF","isPermute","ES.Zscore_0","kappa","tau","W","p","q","SNP","IND","TOP","GENE","RAst","RAen"
11,197557,11,197557,"A","G",0.0825049701789264,0,5.4534142084739,0,6.69262560559387,6.69262560559387,4.94117902496322e-08,1,"11:197557:A:G",1,NA,NA,-302443,748181
11,199492,11,199492,"G","A",0.0805168986083499,0,-5.52351332679035,0,14.6041474815802,14.6041474815802,3.32287074980677e-08,1,"11:199492:G:A",1,"11:199492:G:A","ODF3",-302443,748181
11,200289,11,200289,"A","T",0.0934393638170974,0,5.48186432384945,0,10.7113215643739,10.7113215643739,4.20866953065735e-08,1,"11:200289:A:T",1,NA,NA,-302443,748181
11,205113,11,205113,"T","C",0.0854870775347912,0,-5.45695836700942,0,6.77239869395515,6.77239869395515,4.84359864079319e-08,1,"11:205113:T:C",1,NA,NA,-302443,748181
11,219967,11,219967,"T","G",0.0854870775347912,0,-5.45682851972817,0,12.4392182586239,12.4392182586239,4.84714049404167e-08,1,"11:219967:T:G",1,NA,NA,-302443,748181
11,221195,11,221195,"T","C",0.0854870775347912,0,-5.45726313272891,0,9.5429634766431,9.5429634766431,4.83529537667987e-08,1,"11:221195:T:C",1,NA,NA,-302443,748181
11,225196,11,225196,"G","A",0.0834990059642147,0,-5.4847630347094,0,12.0215446581608,12.0215446581608,4.14024022199176e-08,1,"11:225196:G:A",1,NA,NA,-302443,748181
11,248181,11,248181,"A","C",0.0894632206759443,0,-5.71005864029288,0,6.96254768559276,6.96254768559276,1.12937253484985e-08,1,"11:248181:A:C",1,NA,NA,-302443,748181
