"CHR","BP","hg19.chr","hg19.pos","REF","ALT","MAF","isPermute","ES.Zscore_0","kappa","tau","W","p","q","SNP","IND","TOP","GENE","RAst","RAen"
1,47766318,1,48231990,"T","C",0.0119284294234592,0,4.89482342815936,0,18.9906344920722,18.9906344920722,9.8394032147424e-07,0.1,"1:47766318:T:C",1,"1:47766318:T:C","TRABD2B",47266318,48266318
17,76501986,17,74498068,"A","C",0.0119284294234593,0,-5.61888842879202,0,19.5604086129192,19.5604086129192,1.92189908574714e-08,0.1,"17:76501986:A:C",2,"17:76501986:A:C","RHBDF2",76001986,77001986
